Name Url,Full Name,Primary Job Title,Location,Location 1,CB Rank (Person),First Name,Last Name,Gender,Biography,Primary Organization,LinkedIn
https://www.crunchbase.com/person/talal-hasan,Talal Hasan,"Founder, Carbon General, and CEO",Masqat,Oman,"24,469",Talal,Hasan,Male,"Talal Hasan is the Founder, Carbon General, and CEO at 44.01.",44.01,https://www.linkedin.com/in/talal-hasan
https://www.crunchbase.com/person/chirayu-khimji,Chirayu Khimji,�,Al Batinah,Oman,"39,942",Chirayu,Khimji,Male,Chirayu Khimji is a investor Relations Associate - Disruptive.,,https://www.linkedin.com/in/chirayu-khimji
https://www.crunchbase.com/person/eihab-maqbool-al-saleh,Eihab Maqbool Al Saleh,CEO,Oman,Asia,"40,601",Eihab Maqbool,Al Saleh,Male,Eihab Maqbool Al Saleh is the CEO of International Information Technology.,International Information Technology,
https://www.crunchbase.com/person/rod-macgregor,Rod MacGregor,�,Oman,Asia,"41,070",Rod,MacGregor,Male,�,,http://www.linkedin.com/pub/rod-macgregor/0/a39/787
https://www.crunchbase.com/person/mohammed-alardhi,Mohammed Alardhi,Executive chairman,Oman,Asia,"41,775",Mohammed,Alardhi,Male,"Mohammed Bin Mahfoodh Alardhi is the Executive Chairman of the global investment group, Investcorp, which operates out of New York, London, Riyadh, Bahrain, Abu Dhabi and Doha. Mr Alardhi was a Director on the Investcorp Board since 2008.

A retired Air Vice Marshal by profession, Mr Alardhi joined the Royal Air Force (RAFO) of Oman in 1978, and was subsequently appointed as Chief of Omani Air Force.  In 2000, he was awarded the ""Order of Oman"" by His Majesty Sultan Qaboos bin Said Al-Said.

Mr Alardhi holds a Bachelor of Science degree in Military Science from Royal Air Force UK Staff College in Bracknell, England and a Masters in Public Policy from John F. Kennedy School of Government, Harvard University USA.  He also graduated from the Royal Air Force Military Academy in Cranwell, UK, and the National Defence University in Washington D.C., USA.

Three months after taking up his role as Executive Chairman of Investcorp, Mr Alardhi announced a new growth strategy aiming to more than double its USD 10.8 billion Assets Under Management (AUM) over the medium term. A number of initiatives were communicated in relation to this plan, namely tapping into European Real Estate markets, establishing a global distribution platform and inorganic growth.",Investcorp,https://www.linkedin.com/in/m-alardhi-3942601b/
https://www.crunchbase.com/person/tareq-al-mugheiry,Tareq Al-Mugheiry,Chief Investment Officer,Muscat,Masqat,"92,343",Tareq,Al-Mugheiry,Male,Tareq Al-Mugheiry is Investment Director at OIC,Oman Investment Corporation,https://www.linkedin.com/in/tareq-al-mugheiry-4a27a437/
https://www.crunchbase.com/person/ali-adnan-haider-darwish-36f5,Ali Adnan Haider Darwish,�,Muscat,Masqat,"110,932",Ali Adnan Haider,Darwish,Male,Ali Adnan Haider Darwish is the Founder and CEO at Bin Haider Darwish. He earned his bachelor's and master's degree at Brunel University London and his doctorate degree at Multimedia University.,,https://www.linkedin.com/in/zaabi
https://www.crunchbase.com/person/karim-rahemtulla,Karim Rahemtulla,Managing Director,Rusayl,Masqat,"121,628",Karim,Rahemtulla,Male,"Karim Rahemtulla is the founder of iGroup Pte Ltd, Singapore and the Managing Director of Infocomm Group LLC.

Prior to venturing into his own business, Karim was a member of XN Corporation�s executive board as CEO, Asia. Karim was responsible for XN Corporation�s Global R&D Strategy and Asia�s Business Development & Marketing Strategy.

Karim is viewed as a Leading Global Inventor and Mobile Commerce Guru leveraging on mobile, wireless and interactive technologies as a facilitator in providing innovative and leading edge mobile, wireless and mPayment solutions and services for today�s knowledge economy. Karim has a Masters degree in Digital Systems and a Post Graduate Degree in Computer Applications from the University of Westminster, UK.",Infocomm Group,https://www.linkedin.com/in/karim-rahemtulla-61879710
https://www.crunchbase.com/person/dr-p-mohamed-ali,Dr P Mohamed Ali,�,Oman,Asia,"129,603",Dr P Mohamed,Ali,Male,"P Mohamed Ali is a Non-resident Indian businessman hailing from Thalikulam in Thrissur. He is the founder of Galfar Engineering and Contracting Co. Ali is ranked as the twelfth richest Indian ($950 million) in the Gulf region by Arabian Business.com
He one of the top richest Indians in GCC (Source: http://www.constructionweekonline.com/article-9224-top-10-richest-indians-in-the-gcc/10/)",,
https://www.crunchbase.com/person/maria-al-hinai,Maria Al Hinai,�,Masqat,Oman,"130,098",Maria Al,Hinai,Female,�,,https://www.linkedin.com/in/maria-alhinai
https://www.crunchbase.com/person/vahid-abdollahi,Vahid Abdollahi,Co-Founder and CCO,Muscat,Masqat,"135,636",Vahid,Abdollahi,Male,Vahid Abdollahi is the Founder and Chief Creative Officer at Pioneer Games Studio.,Pioneer Games Studio,https://www.linkedin.com/in/vahid-abdollahi-538945ba
https://www.crunchbase.com/person/mustafa-srour,Mustafa Srour,Chief Technology Officer,Oman,Asia,"143,171",Mustafa,Srour,Male,�,Oman Arab Bank,https://www.linkedin.com/in/mustafa-srour-6815b41a/
https://www.crunchbase.com/person/richard-pakenham,Richard Pakenham,Co-Founder & COO,Muscat,Masqat,"153,484",Richard,Pakenham,Male,"�24 years experience in Media, Marketing & Digital
�Led Teams at Major IT publishing houses in the Middle East & the UK.
�Varied experience from Strategy to Execution in Marketing
�Expert in identifying market pulses & devising strategy to meet demand",WhizzTips,https://www.linkedin.com/in/richardpakenham
https://www.crunchbase.com/person/masoud-al-rawahi,Masoud Al - Rawahi,Co-founder & Director,Oman,Asia,"156,248",Masoud,Al - Rawahi,Male,Masoud Al - Rawahi is Founder and Executive Director of PhazeRo. He attended University of Toronto.,PhazeRo,https://www.linkedin.com/in/masoud-al-rawahi-15bb0714/
https://www.crunchbase.com/person/stephen-whitaker,Stephen Whitaker,Chief Information Officer,Ruwi,Masqat,"161,221",Stephen,Whitaker,Male,�,Oman Arab Bank,
https://www.crunchbase.com/person/haitham-rafi,Haitham Rafi,�,Muscat,Masqat,"165,185",Haitham,Rafi,Male,"Haitham Rafi an Omani singer & Actor

He starts his career in 2014 Haitham Rafi big fan of Bollywood music & movies. He can sing more than 13 languages. 2017 Indian Reality show ( Dil Hai Hindustani ) and he was the finalist of the voice of Ukraine. Just resent He was on MBC TV Show ( BLV Al Mawahib ) and He was in the top 6.
Haitham Rafi was a personal banker but he left his job to continue his musical journey.
It was risky for him to leave his job and start singing. And he�s a top singer in Oman.
He gains a lot of fans from all around the world.
And he received many awards.",,
https://www.crunchbase.com/person/dr-salim-rashid-al-qamshoui,Dr. Salim Rashid Al Qamshoui,�,Oman,Asia,"176,884",Dr. Salim Rashid,Al Qamshoui,Male,"Dr. Salim Rashid Al Qamshoui was born on October 24, 1992 in Oman. He is an Oman based doctor who is known to be among the few rare Arab and Omani doctors who like to share their social life with the World.",,
https://www.crunchbase.com/person/mr-mohammed-abdul-malik-al-qadri,Mr. Mohammed Abdul Malik Al Qadri,CEO and founder,Oman,Asia,"186,899",Mr. Mohammed Abdul,Malik Al Qadri,Male,Mr. Mohammed Abdul Malik Al Qadri is the CEO and Founder of GULFCYBERTECH. He attended The University of Hull.,GULFCYBERTECH,https://www.linkedin.com/in/mohammed-a-m-al-qadri-70153717/
https://www.crunchbase.com/person/ibrahim-al-nadhairi,Ibrahim Al Nadhairi,Chief Executive Officer,Masqat,Oman,"205,193",Ibrahim Al,Nadhairi,Male,Ibrahim Al Nadhairi is the Chief Executive Officer at Oman Shipping Company. Attended Binary University.,Oman Shipping Company,https://www.linkedin.com/in/ibrahim-al-nadhairi-b12b0221/
https://www.crunchbase.com/person/hassan-mohd-juma-sultan,Hassan Mohd Juma Sultan,Founder and Managing Director,Masqat,Oman,"223,363",Hassan Mohd,Juma Sultan,Male,Hassan Mohd Juma Sultan is the Founder and Managing Director of Al Osool Group. He previously worked at ERA Real Estate Oman as a Managing Director and CEO. Hassan attended Sultan Qaboos University.,Al Osool Group,https://www.linkedin.com/in/hassan-mohd-juma-sultan-385a8417
https://www.crunchbase.com/person/philip-boigner,Philip Boigner,Chief Executive Officer,Muscat,Masqat,"226,989",Philip,Boigner,Male,"Investment Professional involved in Private Equity and Venture Capital in Emerging and Developed Markets. My experience includes global early to late stage and buy-out equity and debt investments, primarily in technology",IDO Investments,https://www.linkedin.com/in/pboigner
https://www.crunchbase.com/person/lamees-al-baharna,Lamees Al Baharna,Chief Risk Officer,Muscat,Masqat,"250,200",Lamees,Al Baharna,Female,�,Oman Arab Bank,https://www.linkedin.com/in/lamees-al-baharna-cfa-frm-a0016514/
https://www.crunchbase.com/person/nikhil-babariya,Nikhil Babariya,�,Muscat,Masqat,"256,562",Nikhil,Babariya,Male,Nikhil Babariya is the Co-Founder & COO of Monak e-Services.,,
https://www.crunchbase.com/person/hedayat-ullah-rasel,Hedayat Ullah Rasel,�,Suhar,Al Batinah,"263,758",Hedayat Ullah,Rasel,Male,"Hedayat Ullah Rasel (born June 1997 is an Bangladeshi Musician artist who has made a big name in the digital marketing world. Rasel is an artist, entrepreneur, blogger, web designer, to name a few. Aged 25 he was born and brought up in Comilla, Bangladesh. Since childhood, he had keen interest in trying new things.",,https://www.linkedin.com/in/hedayat-ullah-rasel-624480224
https://www.crunchbase.com/person/jonathan-snook,Jonathan Snook,Web Developer,Sur Al Bu Rashid,Al Batinah,"266,093",Jonathan,Snook,Male,"I'm a web designer and developer who is currently a product manager at Shopify.


Before Shopify, I worked at Yahoo! as part of the team that redesigned and rebuilt the communication suite of products: Mail, Messenger, Calendar, and more. Before that, I freelanced for almost 5 years working with fantastic clients on fun projects doing design, front-end development, and back-end development.",Snook.ca,https://www.linkedin.com/in/jonathansnook
https://www.crunchbase.com/person/farid-lotfi,Farid Lotfi,Co-Founder and CEO,Muscat,Masqat,"273,523",Farid,Lotfi,Male,Farid Lotfi is the Co-Founder and CEO at Tapses. Studied digital electronics at Amirkabir University of Technology (Tehran Polytechnic).,Tapses,https://www.linkedin.com/in/farid-lotfi-3b8b7b82
https://www.crunchbase.com/person/saif-al-essai,Saif AL Essai,�,Oman,Asia,"277,764",Saif,AL Essai,Male,�,,https://www.linkedin.com/in/alessai/
https://www.crunchbase.com/person/raya-al-maskari,Raya Al Maskari,Co-Founder and CSO,Masqat,Oman,"278,957",Raya Al,Maskari,Female,Raya Al Maskari is the Co-Founder and CSO at Shafra. She was a Lecturer at University of Technology and Applied Sciences Raya attended the University of Cambridge.,Shafra,https://www.linkedin.com/in/raya-al-maskari
https://www.crunchbase.com/person/hira-lal-bharvani,Hira Lal Bharvani,Founder & CEO,Muscat,Masqat,"295,174",Hira Lal,Bharvani,Male,Hira Lal Bharvani is the Founder & CEO of Oman ORIX Leasing. Hira attend to the University of Sindh.,Oman ORIX Leasing,https://www.linkedin.com/in/hira-lal-bharvani-6b978b10/
https://www.crunchbase.com/person/ahmed-al-hooti,Ahmed Al Hooti,Chief of Beurue,Masqat,Oman,"301,188",Ahmed,Al Hooti,Male,Ahmed Al Hooti is the Chief of Beurue at Al Jazeera.,Al Jazeera,https://www.linkedin.com/in/ahmed-al-hooti-5aa99a45
https://www.crunchbase.com/person/daren-warner,Daren Warner,Chief Financial Officer,Oman,Asia,"303,867",Daren,Warner,Male,�,Oman Arab Bank,https://www.linkedin.com/in/daren-warner-5282757/
https://www.crunchbase.com/person/haitham-al-salmi,Haitham Al Salmi,Chief Executive Officer,Masqat,Oman,"306,071",Haitham Al,Salmi,Male,Haitham Al Salmi is the Chief Executive Officer at Muscat Stock Exchange. Haitham Al Salmi attended University of Bedfordshire.,Muscat Stock Exchange,https://www.linkedin.com/in/haitham-al-salmi-7100141b/
https://www.crunchbase.com/person/maktoum-rashid,Maktoum Rashid,Founder and Chief Executive Officer,Oman,Asia,"333,132",Maktoum,Rashid,Male,Maktoum Rashid is the Founder and Chief Executive Officer of Pikpak. Attended at Yale University.,Pikpak,http://linkedin.com/in/maktoum-rashid-3b695396
https://www.crunchbase.com/person/hussain-al-lawati-0680,Hussain Al-Lawati,�,Muscat,Masqat,"334,355",Hussain,Al-Lawati,Male,Hussain Al-Lawati is the CEO of Muscat Finance.,,
https://www.crunchbase.com/person/amir-aghighi,Amir Aghighi,Co-Founder & Chief Executive Officer,Muscat,Masqat,"336,159",Amir,Aghighi,Male,�,Edlano,https://www.linkedin.com/in/amiraghighi
https://www.crunchbase.com/person/said-khalifa-mohammed-al-harrasi,Said Khalifa Mohammed Al-Harrasi,CEO and Manager of Collection & Legal,Oman,Asia,"342,543",Said Khalifa Mohammed,Al-Harrasi,Male,Said Khalifa Mohammed Al-Harrasi is the current CEO and Manager of Collection and Legal of Compass Risk Support Services.,Compass Risk Support Services,https://www.linkedin.com/in/said-al-harrasi-57234863
https://www.crunchbase.com/person/said-al-rashdi-087d,Said Al Rashdi,CEO,Muscat,Masqat,"361,885",Said,Al Rashdi,Male,Said Al Rashidi is the CEO at Bima.,Bima,
https://www.crunchbase.com/person/ghadeer-al-dhuhli,Ghadeer Al Dhuhli,"Co-Founder, CMO & Product Quality",Al-khabourah,Al Batinah,"362,319",Ghadeer,Al Dhuhli,Female,"Ghadeer Al Dhuhli is the o-Founder, CMO and Product Quality at Bon. She attended National University of Science and Technology Oman.",Bon,https://www.linkedin.com/in/ghadeer-al-dhuhli-531280141
https://www.crunchbase.com/person/ashok-sardiwal,Ashok Sardiwal,CEO,Oman,Asia,"376,823",Ashok,Sardiwal,Male,"Ashok Sardiwal is the CEO of IMTAC. Ashok attended the Indian Institute of Technology, Bombay.",IMTAC,https://www.linkedin.com/in/ashok-sardiwal-733b2b5/
https://www.crunchbase.com/person/keith-rickman,Keith Rickman,COO,Muscat,Masqat,"383,782",Keith,Rickman,Male,"Keith has an extensive career working in banking operations and technology. He has held many positions, at all levels, including Board level positions, working for some of the top global banking firms.

Keith is responsible for the Companies Operations and the QA of our solutions, ensuring they meet both quality and business effectiveness objectives and are delivered systems ready and with live status.",in-sourcing Ltd,https://www.linkedin.com/in/keith-rickman-5a88098
https://www.crunchbase.com/person/adnan-alshuaili,Adnan Alshuaili,CEO and Co-Founder,Oman,Asia,"390,866",Adnan,Alshuaili,Male,Adnan Alshuaili is a Co-Founder and CEO at eMushrif. Adnan Alshuaili attended La Trobe University.,eMushrif,https://www.linkedin.com/in/adnan-alshuaili-470413136/
https://www.crunchbase.com/person/hazar-al-zadjali,Hazar Al Zadjali,"Founder, CEO and Owner",Oman,Asia,"417,234",Hazar,Al Zadjali,Female,"Hazar Al Zadjali is the Founder, CEO and Owner of Boutique Muscat. She previously worked as a Psychologist at Sultan Qaboos University. She attended Carleton University.",Boutique Muscat,https://www.linkedin.com/in/hazar-al-zadjali
https://www.crunchbase.com/person/shahin-mohammed-ahmed-al-balushi,Shahin Mohammed Ahmed Al Balushi,�,Oman,Asia,"420,046",Shahin Mohammed Ahmed Al,Balushi,Prefer not to identify,�,,https://www.linkedin.com/in/shahin-al-balushi-08925128
https://www.crunchbase.com/person/jihad-almaskari,Jihad Almaskari,�,Masqat,Oman,"422,345",Jihad,Almaskari,Male,�,,https://www.linkedin.com/in/jihad-almaskari/
https://www.crunchbase.com/person/ahmed-al-ojaili,Ahmed Al Ojaili,"Co-Founder, Chief Financial Officer and Operations Manager",Masqat,Oman,"429,321",Ahmed,Al Ojaili,Male,"Ahmed Al Ojaili is the Co-Founder, Chief Financial Officer and Operations Manager at Bon Coffee Store. He attended Sultan Qaboos University.",Bon,https://www.linkedin.com/in/ahmed-al-ojaili-b295a3189/
https://www.crunchbase.com/person/imran-abbas-khan,Imran Abbas Khan,�,Masqat,Oman,"430,185",Imran,Abbas Khan,Male,�,,https://www.linkedin.com/in/imran-abbas-khan-01900821/
https://www.crunchbase.com/person/khalid-alhosni-ce9c,Khalid Alhosni,Co-Founder & Chief Executive Officer,Oman,Asia,"436,335",Khalid,Alhosni,Male,Khalid Alhosni is the CEO & Chief Marketing Officer at MarkeetEx. Khalid attended Seattle Pacific University.,MarketEx,https://www.linkedin.com/in/evonomics/
https://www.crunchbase.com/person/abdul-karim-h-sulaiman,Abdul Karim H. Sulaiman,Vice Chairman at Badr Holding Group,Masqat,Oman,"437,932",Abdul Karim H.,Sulaiman,Male,Abdul Sulaiman is the Vice Chairman at Badr Holding Group. He previously worked as the Founder and Owner at AATCO Food Industries and Chairman at Kerry AATCO. Abdul attended Tri State University - USA and Harvard Business School.,Badr Holding Group,https://www.linkedin.com/in/abdul-karim-h-sulaiman-5434384
https://www.crunchbase.com/person/dolphin-musandam-tours-4c67,Dolphin Musandam Tours,�,Musandam,Oman,"458,092",Dolphin Musandam,Tours,Gender Nonconforming,"Dolphin Musandam Tours is a dedicated tourism company. We coordinate tours for local and foreign tourists who wish to travel and tour in Khasab, Musandam Peninsula, Oman. Dolphin Musandam Tours has a great amount of experience in providing Dhow Cruise, Overnight Camping, Swimming and Snorkeling, Kayaking, Mountain Safari etc.",,
https://www.crunchbase.com/person/amit-mehta,Amit Mehta,�,Muscat,Masqat,"463,292",Amit,Mehta,Male,�,,https://www.linkedin.com/in/amitkmehta
https://www.crunchbase.com/person/moosa-al-balushi,Moosa Al Balushi,Business Development Director - MENA,Oman,Asia,"498,109",Moosa,Al Balushi,Male,"Moosa Al Balushi is the Director Of Business Development  at UVL Robotics. Moosa Al Balushi attended Higher College Of Technology, Muscat, Sultanate of Oman.",UVL Robotics,https://www.linkedin.com/in/moosa-al-balushi-55307569/
https://www.crunchbase.com/person/ganesh-cb,Ganesh CB,CEO,Muscat,Masqat,"501,807",Ganesh,CB,Male,CB Ganesh is the Acting CEO at Oman Arab Bank SAOG.,Oman Arab Bank,https://om.linkedin.com/in/cbganesh
https://www.crunchbase.com/person/salim-rashid-al-maharbi,Salim Rashid Al Maharbi,CFO,Muscat,Masqat,"503,903",Salim,Rashid Al Maharbi,Male,Salim Rashid Al Maharbi is the CFO at Bank Nizwa.,Bank Nizwa,https://www.linkedin.com/in/salim-al-maharbi-72192165
https://www.crunchbase.com/person/qais-al-jedyani,Qais Al Jedyani,"Co-Founder, CEO and CTO",Muscat,Masqat,"508,463",Qais,Al Jedyani,Male,"Qais Al Jedyani is the Co-Founder, CEO and CTO at Bon. He attended National University of Science and Technology Oman.",Bon,https://www.linkedin.com/in/qais-aljedyani
https://www.crunchbase.com/person/mazin-al-khabouri,Mazin Al Khabouri,�,Masqat,Oman,"534,734",Mazin Al,Khabouri,Male,"Doctor Mazin Al-Khabouri is an ENT surgeon from Oman. He graduated from Ain Shams University in Egypt in 1981 and was admitted as Fellow to the Royal College of Surgeons and Physicians of Glasgow in 1990. He has been developing and taking care of ENT services in Oman since 1996.
He is a senior consultant ENT at Al-Nahdha hospital in the capital Muscat.
He was in charge of under and post graduate ENT teaching in the country till 2020.
He is the President of ENT for the Arab Board.
He is the Advisor for Clinical Services to the Minister of Health in Oman.
Director General for Private Health Establishments, Ministry of Health Oman.
He is also associated with many International bodies; many of which are responsible for teaching of ENT and Hearing loss.",,https://www.linkedin.com/in/mazin-al-khabouri-1493825/
https://www.crunchbase.com/person/nabeel-sultan,Nabeel Sultan,�,Oman,Asia,"541,585",Nabeel,Sultan,Male,�,,https://www.linkedin.com/in/nabeel-sultan-8790314/?originalSubdomain=om
https://www.crunchbase.com/person/daniela-goncalves-7b06,Daniela Goncalves,Head of Marketing,Muscat,Masqat,"546,259",Daniela,Goncalves,Female,Daniela Gon�alves is the Head of Marketing at Oman International Hospital.,Oman International Hospital,https://www.linkedin.com/in/daniela-f-goncalves
https://www.crunchbase.com/person/ranjay-menon,Ranjay Menon,�,Muscat,Masqat,"552,662",Ranjay,Menon,Male,�,,
https://www.crunchbase.com/person/seyedali-marjaie,Seyedali Marjaie,Co-Founder & CEO,Muscat,Masqat,"556,315",Seyedali,Marjaie,Male,Seyedali Marjaie is the Co-Founder & CEO of Zomorod E-commerce LLC. He attended Allameh Tabataba'i University.,Zomorod E-commerce LLC,https://www.linkedin.com/in/marjaie/
https://www.crunchbase.com/person/awadh-al-shukaili,Awadh Al Shukaili,CTO and Co-Founder,Muscat,Masqat,"561,624",Awadh,Al Shukaili,Male,Awadh Al Shukaili is a CTO & Co-Founder at eMushrif. He attended La Trobe University.,eMushrif,https://www.linkedin.com/in/awadh-al-shukaili-5176b927/
https://www.crunchbase.com/person/mohammed-harith-al-barashdy,Mohammed Harith Al Barashdy,�,Oman,Asia,"563,971",Mohammed Harith Al,Barashdy,Male,Mohammed Al Barashdy is the CEO of Oman Fiber Optic Company. He previously worked at Nawras as Sales Manager. He attended Kent University in Canterbury UK.,,https://www.linkedin.com/in/mohammed-al-barashdy-6464525a
https://www.crunchbase.com/person/mohammadreza-mashhadi,MohammadReza Mashhadi,Co-Founder & Head of Product,Muscat,Masqat,"565,800",MohammadReza,Mashhadi,Male,"Product manager with a demonstrated history of working in the E-Learning industry. Skilled in Graphical User Interface, Product Design, and Behavioral Design. Strong arts and design professional with a Bachelor's degree focused in Mechanical Engineering from Sharif University of Technology.",Edlano,https://www.linkedin.com/in/mohammadreza-mashhadi
https://www.crunchbase.com/person/jawad-abdulredha-sultan,Jawad Abdulredha Sultan,�,Masqat,Oman,"567,081",Jawad Abdulredha,Sultan,Male,Jawad A Sultan was the Founder of Jawad Sultan Group.,,
https://www.crunchbase.com/person/faiz-al-maskiry,Faiz Al Maskiry,Founder & CEO,Oman,Asia,"603,031",Faiz,Al Maskiry,Male,Faiz Al Maskiry is the Founder & CEO of Ajyal HR Solutions & Services. He previously worked at Haya Water as a General Manager Operations. Faiz Al Maskiry attended the University of Plymouth.,Ajyal HR Solutions & Services,https://www.linkedin.com/in/faiz-al-maskiry-4115882
https://www.crunchbase.com/person/shankar-sharma,Shankar Sharma,�,Ruwi,Masqat,"603,516",Shankar,Sharma,Male,�,,https://www.linkedin.com/in/shankarsharma1/
https://www.crunchbase.com/person/aidin-ansari,Aidin Ansari,�,Oman,Asia,"604,042",Aidin,Ansari,Male,�,,
https://www.crunchbase.com/person/ali-abdulhussain,Ali Abdulhussain,�,Muscat,Masqat,"610,349",Ali,Abdulhussain,�,�,,https://www.linkedin.com/in/aliabdulhussain/
https://www.crunchbase.com/person/waleed-al-maawali,Waleed Al Maawali,Co-Founder & CEO,Muscat,Masqat,"622,293",Waleed,Al Maawali,Male,Waleed Al Maawali is the Co-Founder and CEO at iLab Marine. He attended Sultan Qaboos University.,iLab Marine,https://www.linkedin.com/in/waleed-al-maawali
https://www.crunchbase.com/person/hossein-nazarboland-0d98,Hossein Nazarboland,Co-Founder & CEO,Muscat,Masqat,"622,934",Hossein,Nazarboland,Male,Hossein Nazarboland  is the Co-Founder & CEO at Pioneer Investors International. Hossein attended Amirkabir University of Technology - Tehran Polytechnic.,Pioneer Investors,https://www.linkedin.com/in/hosseinnazarboland/
https://www.crunchbase.com/person/mawdud-choudhury,Mawdud Choudhury,CEO,Muscat,Masqat,"623,682",Mawdud,Choudhury,Male,�,Meedah Group Limited,https://www.linkedin.com/in/mawdudchoudhury
https://www.crunchbase.com/person/talal-al-aulaqi,Talal Al-aulaqi,�,Muscat,Masqat,"631,996",Talal,Al-aulaqi,Male,�,,
https://www.crunchbase.com/person/mazin-al-naamani,Mazin Al Naamani,�,Oman,Asia,"634,972",Mazin,Al Naamani,�,�,,https://www.linkedin.com/in/mazinalnaamani/
https://www.crunchbase.com/person/ryan-joseph-c8af,Ryan joseph,�,Muscat,Masqat,"644,545",Ryan,joseph,Male,https://bghud.com/course/moh-dha-haad-exam-coaching-in-kerala/,,
https://www.crunchbase.com/person/rashad-al-musafir,Rashad Al Musafir,Chief Executive Officer,Muscat,Masqat,"650,685",Rashad Al,Musafir,Male,�,Oman Arab Bank,https://www.linkedin.com/in/rashad-al-musafir-1ba6243/
https://www.crunchbase.com/person/abdul-rahiman,Abdul Rahiman,CFO,Muscat,Masqat,"665,627",Abdul,Rahiman,�,Abdul Rahiman is the CFO of Krishi Star. Abdul Rahiman attended the Indian Institute of Management Ahmedabad.,Krishi Star,https://www.linkedin.com/in/-abdul-rahiman
https://www.crunchbase.com/person/dost-muhammad-shah,Dost Muhammad Shah,Design and Development Engineer,Muscat,Masqat,"669,441",Dost Muhammad,Shah,Male,"Dost Muhammad Shah is an Embedded Electronics Design Engineer with 3+ years of Experience in PCB design, Circuit design, Firmware developing & prototyping and testing of Products designed around microcontrollers and  digital electronics.",Kindows Tech Solutions,http://www.linkedin.com/in/dmsherazi
https://www.crunchbase.com/person/hala-alturki,Hala Alturki,Partner,Oman,Asia,"671,671",Hala,Alturki,Female,�,Altaaat Leadership Development Institute,https://www.linkedin.com/in/halaalturki
https://www.crunchbase.com/person/ehab-tasfai-1c0b,Ehab Tasfai,Engineering Commander,Masqat,Oman,"674,220",Ehab,Tasfai,Male,Ehab Tasfai is the Engineering Commander at 44.01. He attended Glasgow Caledonian University.,44.01,https://www.linkedin.com/in/ehabtasfai
https://www.crunchbase.com/person/ps-suresh,PS Suresh,�,Oman,Asia,"684,606",PS,Suresh,Male,P S Suresh is the Head of IT Architecture & Strategy at BankMuscat. He previously worked at Meraas Holding as Head of Information Technology. He attended Kenan-Flagler Business School - University of North Carolina.,,https://www.linkedin.com/in/sureshps
https://www.crunchbase.com/person/talal-al-mamari,Talal Al Mamari,�,Masqat,Oman,"705,247",Talal Al,Mamari,Male,Talal Said Al Mamari is the Chief Executive Officer at Omantel.,,https://www.linkedin.com/in/talalmamari/
https://www.crunchbase.com/person/claudia-vergueiro-massei,Claudia Vergueiro Massei,�,Oman,Asia,"719,319",Claudia,Vergueiro Massei,Female,"Claudia Vergueiro Massei is a co-founder at QMagico and is previously a CEO at Siemens.

Claudia studied MBA in multinational management at University of Pennsylvania - The Wharton School.",,https://www.linkedin.com/in/cmassei/
https://www.crunchbase.com/person/khalid-al-khalifa-75b7,Khalid Al Khalifa,�,Muscat,Masqat,"724,472",Khalid,Al Khalifa,Male,�,,https://www.linkedin.com/in/khalidalkhalifa/
https://www.crunchbase.com/person/abraham-daniel,Abraham Daniel,Head of Digital Experience (UX & Design),Muscat,Masqat,"727,804",Abraham,Daniel,Male,"All men dream but not equally. Those who dream by night in the dusty recesses of their minds wake in the day to find that it was vanity; but the dreamers of the day are dangerous men, for they may act their dream with open eyes to make it possible. – T.E. Lawrence",Ooredoo Group,http://www.linkedin.com/pub/abraham-daniel/13/3b5/198
https://www.crunchbase.com/person/adnan-khan-2a19,Adnan Khan,Head of B2B Products-Business Product Management,Muscat,Masqat,"735,094",Adnan,Khan,Male,Adnan Khan is the Head of B2B Products at Ooredoo.,Ooredoo Group,https://www.linkedin.com/in/adnanzkhan/
https://www.crunchbase.com/person/rakan-muhissen,Habib Ur Rahim Syed,�,Masqat,Oman,"759,834",Habib Ur Rahim,Syed,Male,�,,
https://www.crunchbase.com/person/aieshery-ali-88ff,Aieshery Ali,CEO,Oman,Asia,"786,157",Aieshery,Ali,�,Aieshery Ali is the CEO at Omnicare and attended in The Johns Hopkins University School of Medicine.,Omnicare,https://www.linkedin.com/in/aieshery-ali-a319529a
https://www.crunchbase.com/person/ali-rahmanpour,Ali Rahmanpour,�,Muscat,Masqat,"806,567",Ali,Rahmanpour,Male,LinkedIn page: https://www.linkedin.com/in/rahmanpour/,,https://www.linkedin.com/in/rahmanpour/
https://www.crunchbase.com/person/ibrahim-al-jahwari,Ibrahim Al Jahwari,CTO & Co-founder,Al Batinah,Oman,"807,069",Ibrahim,Al Jahwari,Male,Ibrahim Al Jahwari is the CTO and Co-founder at iLabMarine. He attended Sultan Qaboos University.,iLab Marine,https://www.linkedin.com/in/ibrahim-aljahwari/
https://www.crunchbase.com/person/mustafa-zafarullah-f0a8,Mustafa Zafarullah,SVP - Digital Transformation,Masqat,Oman,"826,001",Mustafa,Zafarullah,Male,Mustafa Zafarullah is the SVP of Digital Transformation at Sohar International. Mustafa Zafarullah attended California Lutheran University.,Sohar International,https://www.linkedin.com/in/mustafa-zafarullah-b220b536
https://www.crunchbase.com/person/ahmed-al-naabi,Ahmed Al Naabi,Co-Founder,Ad Dakhiliyah,Oman,"828,955",Ahmed,Al Naabi,Male,Ahmed Al-Naabi is the Co-Founder of iLab Marine. He attended Sultan Qaboos University.,iLab Marine,https://www.linkedin.com/in/ahmed-alnaabi
https://www.crunchbase.com/person/christian-hemmingsen,Christian Hemmingsen,Head of Wholesale Department,Oman,Asia,"833,011",Christian,Hemmingsen,Male,�,Ooredoo Group,https://www.linkedin.com/in/christian-hemmingsen-8977041/
https://www.crunchbase.com/person/yahya-alazri,Yahya Alazri,�,Oman,Asia,"839,950",Yahya,Alazri,Male,Yahya Alazri is the IT and Security Consultant at the Ministry of Transport. He previously worked at Information Technology Authority - Oman. He attended Sultan Qaboos University.,,https://www.linkedin.com/in/yahya-alazri-496b6017
https://www.crunchbase.com/person/ali-al-lawati,Ali Al Lawati,�,Muscat,Masqat,"846,968",Ali,Al Lawati,Male,Wrote several books on entrepreneurship and employability skills.  Manage Oman largest job portal www.jobibex.com,,https://www.linkedin.com/in/jobsinoman/
https://www.crunchbase.com/person/salin-alhakmani,Salin Alhakmani,Founder,Oman,Asia,"851,046",Salin,Alhakmani,Male,Salin Alhakmani is the Founder at BVG India Limited.,BVG India,https://www.linkedin.com/in/salin-alhakmani-61ab69156
https://www.crunchbase.com/person/ali-al-jabri,Ali Al Jabri,�,Masqat,Oman,"851,558",Ali Al,Jabri,Male,Ali Al Jabri is the Manager Payment Systems Department at the Central bank of Oman. He attended Sultan Qaboos University.,,https://www.linkedin.com/in/alialjabr
https://www.crunchbase.com/person/nisreen-nassr,Nisreen Nassr,"Senior, Specialist Pharmacist",Oman,Asia,"853,704",Nisreen,Nassr,Prefer not to identify,�,Ministry of Health Oman,https://www.linkedin.com/in/nisreen-nassr-77015436/
https://www.crunchbase.com/person/umaimah-al-abdullatif,Umaimah Al Abdullatif,Investment Analyst,Muscat,Masqat,"853,799",Umaimah,Al Abdullatif,Female,�,IDO Investments,https://www.linkedin.com/in/umaimah-al-abdullatif-3abba79b
https://www.crunchbase.com/person/kanaksi-khimji,Kanaksi Khimji,�,Oman,Asia,"919,000",Kanaksi,Khimji,Male,Kanaksi Khimji is the Founder of Khimji Ramdas.,,
https://www.crunchbase.com/person/sachin-toprani,Sachin Toprani,owner,Masqat,Oman,"938,637",Sachin,Toprani,Male,Sachin Toprani is the Owner of Sachin Technologies.,Sachin Technologies,https://www.linkedin.com/in/sachin-toprani-46144938/
https://www.crunchbase.com/person/sunnil-gandhi,Sunnil Gandhi,Managing Director,Oman,Asia,"959,825",Sunnil,Gandhi,Male,�,Al Kays International,https://www.linkedin.com/in/sunnil-gandhi-8046168
https://www.crunchbase.com/person/ahmed-al-busaidi,Ahmed Al Busaidi,Chief Executive Officer,Oman,Asia,"988,235",Ahmed,Al Busaidi,Male,Ahmed Al Busaidi is the current Chief Executive Officer of Muscat Capital. He previpusly worked at Bank Muscat as a Deputy Head Treasury Operations. Ahmed Al Busaidi attended Coventry University.,Muscat Capital,https://www.linkedin.com/in/ahmed-al-busaidi-mba-acsi-7191405a
https://www.crunchbase.com/person/ahmed-al-ibrahim-a05d,Ahmed Al Ibrahim,�,Oman,Asia,"1,004,642",Ahmed,Al Ibrahim,Male,�,,https://www.linkedin.com/in/ahmed-al-ibrahim-8b780826/
https://www.crunchbase.com/person/hamoud-al-tobi-3f28,Hamoud Al-Tobi,Chief Executive Officer,Masqat,Oman,"1,012,354",Hamoud,Al-Tobi,Male,Hamoud Al-Tobi is the Chief Executive Officer at Galfar Engineering & Contracting SAOG. He previously worked as the Business Development of Lean Methodology at Petroleum Development Oman. Hamoud attended the University of Manchester.,Galfar Engineering and Construction SAOG,https://www.linkedin.com/in/dr-hamoud-al-tobi-32006081
https://www.crunchbase.com/person/michael-jorgensen-6b0a,Michael Jorgensen,�,Muscat,Masqat,"1,040,492",Michael,Jorgensen,Male,"Group CFO at Oman Shipping Company, Oman Drydock Company.",,https://www.linkedin.com/in/michaeltonnesjorgensen/
https://www.crunchbase.com/person/kalat-ghuloom-ai-bulooshi,Kalat Ghuloom AI Bulooshi,�,Oman,Asia,"1,059,530",Kalat Ghuloom AI,Bulooshi,Male,�,,https://www.linkedin.com/in/kalat-al-bulooshi-9100748/
https://www.crunchbase.com/person/haitham-al-zadjali,Haitham Al Zadjali,Deputy Chief Executive Officer,Masqat,Oman,"1,067,363",Haitham,Al Zadjali,�,Haitham Al Zadjali is a Deputy Chief Executive Officer at Datamount. Haitham previously worked at Oman Sovereign Sukuk Company as a Chairman Of The Board Of Directors. He attended the University of Waikato and Osmania University.,DataMount,https://www.linkedin.com/in/haitham-al-zadjali-82581749
https://www.crunchbase.com/person/aisha-al-kharusi,Aisha Al Kharusi,National Accounts Manager,Oman,Asia,"1,101,408",Aisha,Al Kharusi,Female,"Right after graduating from Sultan Qaboos University - Oman in 2004 from College of Economics and Political Science with distinction in Economic major, I joined Ministry of National Economy as Economic Researcher for two years and then joined Oman Mobile (which was merged afterwards with Omantel) as a Business Development Administrator in Strategic Development Department.

In 2009, I made a switch to the Wholesale Business Unit as a Team Leader of VAS Product Development and then as a Team Leader of Colocation and Interconnection in 2013.

I am currently holding the position of Manager National Accounts & Interconnection. I am leading a team responsible of managing the accounts of national wholesale customers such as network operators and virtual operators who are leasing network capacity from Omantel. Maintaining the business relation, making sales and engaging into commercial agreements are also considered as key activities for the department which I manage.

As my new role to introduce differentiated offers, products and services to the MVNOs hosted on Omantel�s network, I am participating in this fruitful event to add more value in the success of MVNOs partnering with Omantel.",Omantel,https://www.linkedin.com/in/aisha-al-kharusi-b73038118/
https://www.crunchbase.com/person/michael-joseph-b038,Michael Joseph,Founder,Masqat,Oman,"1,104,651",Michael,Joseph,Male,Michael Joseph is the  Founder of O-I Glass.,O-I Glass,https://www.linkedin.com/in/michael-joseph-64b657172/
https://www.crunchbase.com/person/vidiyadharan-mangalassery,Vidiyadharan Mangalassery,�,Muscat,Masqat,"1,120,581",Vidiyadharan,Mangalassery,Male,�,,https://www.linkedin.com/in/vidiyadharan-mangalassery
https://www.crunchbase.com/person/zaki-selim,Zaki Selim,Board Member,Muscat,Masqat,"1,128,484",Zaki,Selim,Male,�,GlassPoint Solar,https://www.linkedin.com/in/zaki-selim-67386180
https://www.crunchbase.com/person/ahmed-al-musalmi,Ahmed Al Musalmi,Chief Executive Officer,Muscat,Masqat,"1,129,514",Ahmed Al,Musalmi,Male,Ahmed Al Musalmi is the Chief Executive Officer at Sohar International. Ahmed Al Musalmi attended University of Bedfordshire.,Sohar International,
https://www.crunchbase.com/person/salim-alkhalasi-03c1,Salim AlKhalasi,Group Chief Internal Auditor,Masqat,Oman,"1,142,078",Salim,AlKhalasi,Male,Salim AlKhalasi is the Group Chief Internal Auditor at Galfar Engineering & Contracting SAOG. He previously worked as the Chief Audit Officer at United Energy Group.,Galfar Engineering and Construction SAOG,https://www.linkedin.com/in/salim-alkhalasi-089628121
https://www.crunchbase.com/person/iqbal-hassan,Iqbal Hassan,�,Oman,Asia,"1,149,791",Iqbal,Hassan,Male,�,,
https://www.crunchbase.com/person/tharik-ibn-jalal,Tharik Ibn Jalal,�,Masqat,Oman,"1,153,531",Tharik Ibn,Jalal,Male,�,,https://www.linkedin.com/in/tharik-ibn-jalal-8baa5b93/
https://www.crunchbase.com/person/abdul-hakeem-al-muslahi,Abdul-Hakeem Al-Muslahi,Chief Executive Officer,Muscat,Masqat,"1,185,379",Abdul-Hakeem,Al-Muslahi,Male,Abdul-Hakeem Al-Muslahi is a Chief Executive Officer at Datamount. Abdul-Hakeem previously worked at Al Suwadi Power Company as a Board Member. He attended Coventry University and Sultan Qaboos University.,DataMount,https://www.linkedin.com/in/abdul-hakeem-al-muslahi-724a5a19
https://www.crunchbase.com/person/raif-al-harthy,Raif Al Harthy,�,Muscat,Masqat,"1,191,227",Raif,Al Harthy,Male,�,,https://www.linkedin.com/in/raif-al-harthy-31033117/
https://www.crunchbase.com/person/hanan-rasheed,Hanan Rasheed,�,Muscat,Masqat,"1,191,243",Hanan,Rasheed,Female,�,,https://www.linkedin.com/in/hanan-rasheed-a5894b4b/
https://www.crunchbase.com/person/khalid-alawad,Khalid Alawad,�,Muscat,Masqat,"1,191,268",Khalid,Alawad,Male,�,,https://www.linkedin.com/in/khalid-alawad-76317486/
https://www.crunchbase.com/person/ali-al-raisi,Ali Al Raisi,�,Muscat,Masqat,"1,191,280",Ali,Al Raisi,Male,�,,https://www.linkedin.com/in/ali-al-raisi-13a50396/
https://www.crunchbase.com/person/akhil-mohan,Akhil Mohan,Public Relations Officer,Muscat,Masqat,"1,284,801",Akhil,Mohan,Male,�,Fort Holidays Hospitality Tours & Travels By A K T Group,
https://www.crunchbase.com/person/talal-alasmi,Talal Alasmi,�,Masqat,Oman,"1,307,564",Talal,Alasmi,Male,�,,https://www.linkedin.com/in/talal-alasmi-cism-cisa-cdpse-csne-csna-4bb35731/
https://www.crunchbase.com/person/avigdor-brachya,Avigdor Brachya,�,Sa'ara,Az Zahirah,"1,463,844",Avigdor,Brachya,Male,"Avigdor joined QualiTest in 2008 as a tester new to the field of software testing. Over the years, Avigdor became a team leader then a project manager and director of QA testing division in one of the largest financial banks in Israel. Avigdor specializes in Website, Mobile, VOIP, SOA and Mainframe systems and he leads large group of testers on a variety of systems with different technologies and high complexity.
Avigdor has extensive methodology experience, often specializing in Agile (especially Scrum and Kanban) which he has implemented in a variety of projects he is managing. Avigdor has also concentrated on automation and load testing, as well as training and deploying automation in new projects. Avigdor holds a BA in Law and Business specializing in Marketing and a MBA specializing in finance.",,https://www.linkedin.com/in/avigdor-brachya-6359838a/
https://www.crunchbase.com/person/balachandra-rao,Balachandra Rao,�,Masqat,Oman,"1,496,649",Balachandra,Rao,Male,�,,https://www.linkedin.com/in/balachandra-rao-aaa33429/?originalSubdomain=om
